variables,test_R2,test_r2,demean_test_R2,demean_test_r2,anomaly_test_R2,anomaly_test_r2
tmp_ndvi,0.8333655590842372,0.8389758339242289,0.4133835676641225,0.4371668202967475,0.4879329709755065,0.5070947006250669
pre_tmp_ndvi,0.8312541993783275,0.8372630740761586,0.41183846054333745,0.43407505103593325,0.4794076457890496,0.4995219416905284
pre_ndvi,0.8143428855574766,0.8231020390466046,0.36078603519017577,0.38357152390635174,0.4047470049947385,0.4308854414928128
tmp,0.8079248242028756,0.8147035525896484,0.31395644736907113,0.3560270063362135,0.3654342827044899,0.4123130350796454
ndvi,0.8037357791385115,0.8138982169211115,0.3308092199292006,0.3544325779052267,0.3866800707321925,0.4121236163096415
pre_tmp,0.8030509921292656,0.808491874445599,0.2933470422792157,0.3378769575345345,0.3561089932500643,0.4029202494246846
pre,0.700098930912537,0.7173933279534737,0.006050625546930257,0.07998195732930237,0.04544317086641846,0.10420244568589078
