variables,test_R2,test_r2,demean_test_R2,demean_test_r2,anomaly_test_R2,anomaly_test_r2
tmp_ndvi,0.833819189065598,0.8395409871922002,0.39911609566978473,0.4370846334547285,0.501086596472216,0.5228219642101455
pre_tmp_ndvi,0.8313912805337262,0.8372780103101727,0.39618797192831884,0.4361308355783173,0.49376197134868377,0.5168684370643961
pre_ndvi,0.8144925741008834,0.823169748462074,0.35919768582834866,0.39540142260782435,0.4197451893808284,0.4489523117526528
tmp,0.8072605988482566,0.8140018463460303,0.28299574099698704,0.3579641982878803,0.3716316153024111,0.4222088331163877
ndvi,0.803639636546831,0.813743888433821,0.3169795325064507,0.3672280033765662,0.4020438136801171,0.4315363021767455
pre_tmp,0.8026590327003695,0.8082403261722431,0.25918447104231557,0.3397502238294952,0.3626857789358985,0.41557858015437665
pre,0.6997649351273522,0.7172960693777284,0.002600294398690766,0.1148163937117256,0.047197315851947926,0.1087059450030262
