month,precipitation
Oct,16.659101005790916
Nov,127.44486860644129
Dec,252.914096508197
Jan,259.4135975984525
Feb,229.14611777212406
Mar,182.69829321394323
Apr,57.147791216491534
May,4.6319143229383615
Jun,0.7440528788172467
Jul,0.8996352083847635
Aug,0.4946820611206483
Sep,1.0939156633965084
